title,genre,url,img_path,views,downloads
"Xuyên Thành Trà Xanh Phản Diện, Công Chúa Không Ngán Một Ai",Hài hước,https://ebookvie.com/ebook/xuyen-thanh-tra-xanh-phan-dien-cong-chua-khong-ngan-mot-ai/,https://ebookvie.com/wp-content/uploads/2025/09/xuyen-thanh-tra-xanh-phan-dien-cong-chua-khong-ngan-mot-ai-duong-y-y.jpg,0K,0.0K
"Xuyên Thành Trà Xanh Phản Diện, Công Chúa Không Ngán Một Ai",Hài hước,https://ebookvie.com/ebook/xuyen-thanh-tra-xanh-phan-dien-cong-chua-khong-ngan-mot-ai/,https://ebookvie.com/wp-content/uploads/2025/09/xuyen-thanh-tra-xanh-phan-dien-cong-chua-khong-ngan-mot-ai-duong-y-y.jpg,0K,0.0K
"Ổn Định Tu Tiên, Cả Cái Tu Tiên Giới Đều Là Nhà Ta",Hài hước,https://ebookvie.com/ebook/on-dinh-tu-tien-ca-cai-tu-tien-gioi-deu-la-nha-ta/,https://ebookvie.com/wp-content/uploads/2025/09/on-dinh-tu-tien-ca-cai-tu-tien-gioi-deu-la-nha-ta.jpg,0.1K,0.1K
"Ổn Định Tu Tiên, Cả Cái Tu Tiên Giới Đều Là Nhà Ta",Hài hước,https://ebookvie.com/ebook/on-dinh-tu-tien-ca-cai-tu-tien-gioi-deu-la-nha-ta/,https://ebookvie.com/wp-content/uploads/2025/09/on-dinh-tu-tien-ca-cai-tu-tien-gioi-deu-la-nha-ta.jpg,0.1K,0.1K
Bày Quầy Khắp Nơi Bên Cạnh Phú Bà,Hài hước,https://ebookvie.com/ebook/bay-quay-khap-noi-ben-canh-phu-ba/,https://ebookvie.com/wp-content/uploads/2025/09/bay-quay-khap-noi-ben-canh-phu-ba-phong-thinh-lan.jpg,0.2K,0.1K
Bày Quầy Khắp Nơi Bên Cạnh Phú Bà,Hài hước,https://ebookvie.com/ebook/bay-quay-khap-noi-ben-canh-phu-ba/,https://ebookvie.com/wp-content/uploads/2025/09/bay-quay-khap-noi-ben-canh-phu-ba-phong-thinh-lan.jpg,0.2K,0.1K
Lục Địa Kiện Tiên,Hài hước,https://ebookvie.com/ebook/luc-dia-kien-tien/,https://ebookvie.com/wp-content/uploads/2025/02/luc-dia-kien-tien-luc-nhu-hoa-thuong.jpg,1.5K,1.2K
Lục Địa Kiện Tiên,Hài hước,https://ebookvie.com/ebook/luc-dia-kien-tien/,https://ebookvie.com/wp-content/uploads/2025/02/luc-dia-kien-tien-luc-nhu-hoa-thuong.jpg,1.5K,1.2K
Bị Bạn Trai Cũ Bắt Nếm Trải Nỗi Khổ Khi Tiêu Tiền,Đam mỹ,https://ebookvie.com/ebook/bi-ban-trai-cu-bat-nem-trai-noi-kho-khi-tieu-tien/,https://ebookvie.com/wp-content/uploads/2025/06/bi-ban-trai-cu-bat-nem-trai-noi-kho-khi-tieu-tien-ai-cap-cap-dich-tieu-dao.jpg,1.2K,0.9K
Bị Bạn Trai Cũ Bắt Nếm Trải Nỗi Khổ Khi Tiêu Tiền,Đam mỹ,https://ebookvie.com/ebook/bi-ban-trai-cu-bat-nem-trai-noi-kho-khi-tieu-tien/,https://ebookvie.com/wp-content/uploads/2025/06/bi-ban-trai-cu-bat-nem-trai-noi-kho-khi-tieu-tien-ai-cap-cap-dich-tieu-dao.jpg,1.2K,0.9K
Giáo Sư Gián Điệp,Hài hước,https://ebookvie.com/ebook/giao-su-gian-diep/,https://ebookvie.com/wp-content/uploads/2025/06/giao-su-gian-diep.jpg,0.9K,0.7K
Giáo Sư Gián Điệp,Hài hước,https://ebookvie.com/ebook/giao-su-gian-diep/,https://ebookvie.com/wp-content/uploads/2025/06/giao-su-gian-diep.jpg,0.9K,0.7K
Đấu Yếm Thần,Hài hước,https://ebookvie.com/ebook/dau-yem-than/,https://ebookvie.com/wp-content/uploads/2025/06/dau-yem-than.jpg,0.4K,0.3K
Đấu Yếm Thần,Hài hước,https://ebookvie.com/ebook/dau-yem-than/,https://ebookvie.com/wp-content/uploads/2025/06/dau-yem-than.jpg,0.4K,0.3K
Siêu Nhân Mì Ăn Liền,Hài hước,https://ebookvie.com/ebook/sieu-nhan-mi-an-lien/,https://ebookvie.com/wp-content/uploads/2025/08/sieu-nhan-mi-an-lien.jpg,1.9K,1.5K
Siêu Nhân Mì Ăn Liền,Hài hước,https://ebookvie.com/ebook/sieu-nhan-mi-an-lien/,https://ebookvie.com/wp-content/uploads/2025/08/sieu-nhan-mi-an-lien.jpg,1.9K,1.5K
Nàng Nổi Loạn x Chàng Thợ May,Hài hước,https://ebookvie.com/ebook/nang-noi-loan-x-chang-tho-may/,https://ebookvie.com/wp-content/uploads/2025/08/nang-noi-loan-x-chang-tho-may.jpg,1.7K,1.3K
Nàng Nổi Loạn x Chàng Thợ May,Hài hước,https://ebookvie.com/ebook/nang-noi-loan-x-chang-tho-may/,https://ebookvie.com/wp-content/uploads/2025/08/nang-noi-loan-x-chang-tho-may.jpg,1.7K,1.3K
Mai Phu Nhân Sủng Phu Hàng Ngày,Hài hước,https://ebookvie.com/ebook/mai-phu-nhan-sung-phu-hang-ngay/,https://ebookvie.com/wp-content/uploads/2025/08/mai-phu-nhan-sung-phu-hang-ngay-phu-hoa.jpg,2.2K,1.7K
Mai Phu Nhân Sủng Phu Hàng Ngày,Hài hước,https://ebookvie.com/ebook/mai-phu-nhan-sung-phu-hang-ngay/,https://ebookvie.com/wp-content/uploads/2025/08/mai-phu-nhan-sung-phu-hang-ngay-phu-hoa.jpg,2.2K,1.7K
Cuộc Chiến Quái Vật,Hài hước,https://ebookvie.com/ebook/cuoc-chien-quai-vat/,https://ebookvie.com/wp-content/uploads/2025/08/cuoc-chien-quai-vat-dean-lorey-ai-dich.jpg,1.7K,1.3K
Cuộc Chiến Quái Vật,Hài hước,https://ebookvie.com/ebook/cuoc-chien-quai-vat/,https://ebookvie.com/wp-content/uploads/2025/08/cuoc-chien-quai-vat-dean-lorey-ai-dich.jpg,1.7K,1.3K
Hàng Long Quyết,Hài hước,https://ebookvie.com/ebook/hang-long-quyet/,https://ebookvie.com/wp-content/uploads/2025/08/hang-long-quyet-thoi-vi-nguyet-thuong.jpg,8K,6.2K
Hàng Long Quyết,Hài hước,https://ebookvie.com/ebook/hang-long-quyet/,https://ebookvie.com/wp-content/uploads/2025/08/hang-long-quyet-thoi-vi-nguyet-thuong.jpg,8K,6.2K
Ta Không Muốn Trùng Sinh Đâu!,Hài hước,https://ebookvie.com/ebook/ta-khong-muon-trung-sinh-dau/,https://ebookvie.com/wp-content/uploads/2025/06/ta-khong-muon-trung-sinh-dau.jpg,2K,1.6K
Ta Không Muốn Trùng Sinh Đâu!,Hài hước,https://ebookvie.com/ebook/ta-khong-muon-trung-sinh-dau/,https://ebookvie.com/wp-content/uploads/2025/06/ta-khong-muon-trung-sinh-dau.jpg,2K,1.6K
Đồ Đệ Của Ta Đều Là Đại Phản Phái,Hài hước,https://ebookvie.com/ebook/do-de-cua-ta-deu-la-dai-phan-phai/,https://ebookvie.com/wp-content/uploads/2025/06/do-de-cua-ta-deu-la-dai-phan-phai.jpg,1.9K,1.4K
Đồ Đệ Của Ta Đều Là Đại Phản Phái,Hài hước,https://ebookvie.com/ebook/do-de-cua-ta-deu-la-dai-phan-phai/,https://ebookvie.com/wp-content/uploads/2025/06/do-de-cua-ta-deu-la-dai-phan-phai.jpg,1.9K,1.4K
"Trọng Sinh Không Làm Chạn Vương, Tôi Một Mình Nạp Game Thăng Cấp",Hài hước,https://ebookvie.com/ebook/trong-sinh-khong-lam-chan-vuong-toi-mot-minh-nap-game-thang-cap/,https://ebookvie.com/wp-content/uploads/2025/06/trong-sinh-khong-lam-chan-vuong-toi-mot-minh-nap-game-thang-cap.jpg,1.7K,1.3K
"Trọng Sinh Không Làm Chạn Vương, Tôi Một Mình Nạp Game Thăng Cấp",Hài hước,https://ebookvie.com/ebook/trong-sinh-khong-lam-chan-vuong-toi-mot-minh-nap-game-thang-cap/,https://ebookvie.com/wp-content/uploads/2025/06/trong-sinh-khong-lam-chan-vuong-toi-mot-minh-nap-game-thang-cap.jpg,1.7K,1.3K
Sát Thủ Về Vườn,Hài hước,https://ebookvie.com/ebook/sat-thu-ve-vuon/,https://ebookvie.com/wp-content/uploads/2025/06/sat-thu-ve-vuon.jpg,6.7K,5.2K
Sát Thủ Về Vườn,Hài hước,https://ebookvie.com/ebook/sat-thu-ve-vuon/,https://ebookvie.com/wp-content/uploads/2025/06/sat-thu-ve-vuon.jpg,6.7K,5.2K
Chồng Tôi Là Trùm Xã Hội Đen,Đam mỹ,https://ebookvie.com/ebook/chong-toi-la-trum-xa-hoi-den/,https://ebookvie.com/wp-content/uploads/2025/06/chong-toi-la-trum-xa-hoi-den-phuong-nam.jpg,2K,1.5K
Chồng Tôi Là Trùm Xã Hội Đen,Đam mỹ,https://ebookvie.com/ebook/chong-toi-la-trum-xa-hoi-den/,https://ebookvie.com/wp-content/uploads/2025/06/chong-toi-la-trum-xa-hoi-den-phuong-nam.jpg,2K,1.5K
Nam Chính Cướp Chú Rể Đi Rồi,Đam mỹ,https://ebookvie.com/ebook/nam-chinh-cuop-chu-re-di-roi/,https://ebookvie.com/wp-content/uploads/2025/06/nam-chinh-cuop-chu-re-di-roi-truy-phong-can-nguyet.jpg,1.7K,1.3K
Nam Chính Cướp Chú Rể Đi Rồi,Đam mỹ,https://ebookvie.com/ebook/nam-chinh-cuop-chu-re-di-roi/,https://ebookvie.com/wp-content/uploads/2025/06/nam-chinh-cuop-chu-re-di-roi-truy-phong-can-nguyet.jpg,1.7K,1.3K
Nhà Thiết Kế Trò Chơi Toàn Năng,Hài hước,https://ebookvie.com/ebook/nha-thiet-ke-tro-choi-toan-nang/,https://ebookvie.com/wp-content/uploads/2025/06/nha-thiet-ke-tro-choi-toan-nang-thanh-sam-thu-tuy.jpg,2.3K,1.8K
Nhà Thiết Kế Trò Chơi Toàn Năng,Hài hước,https://ebookvie.com/ebook/nha-thiet-ke-tro-choi-toan-nang/,https://ebookvie.com/wp-content/uploads/2025/06/nha-thiet-ke-tro-choi-toan-nang-thanh-sam-thu-tuy.jpg,2.3K,1.8K
Từ Xưa Kẻ Ngốc Luôn Khắc Phản Diện,Hài hước,https://ebookvie.com/ebook/tu-xua-ke-ngoc-luon-khac-phan-dien/,https://ebookvie.com/wp-content/uploads/2025/06/tu-xua-ke-ngoc-luon-khac-phan-dien-ky-anh.jpg,1.5K,1.2K
Từ Xưa Kẻ Ngốc Luôn Khắc Phản Diện,Hài hước,https://ebookvie.com/ebook/tu-xua-ke-ngoc-luon-khac-phan-dien/,https://ebookvie.com/wp-content/uploads/2025/06/tu-xua-ke-ngoc-luon-khac-phan-dien-ky-anh.jpg,1.5K,1.2K
Tiên Nhân Trạng,Hài hước,https://ebookvie.com/ebook/tien-nhan-trang/,https://ebookvie.com/wp-content/uploads/2025/06/tien-nhan-trang-thi-kim.jpg,1.8K,1.4K
Tiên Nhân Trạng,Hài hước,https://ebookvie.com/ebook/tien-nhan-trang/,https://ebookvie.com/wp-content/uploads/2025/06/tien-nhan-trang-thi-kim.jpg,1.8K,1.4K
"Đấu La: Trực Bá Vấn Đáp, Toàn Thế Giới Bị Ngã Bộc Quang",Hài hước,https://ebookvie.com/ebook/dau-la-truc-ba-van-dap-toan-the-gioi-bi-nga-boc-quang/,https://ebookvie.com/wp-content/uploads/2025/06/dau-la_-truc-ba-van-dap-toan-the-gioi-bi-nga-boc-quang-5bc5d-trac-tinh-dong.jpg,1.1K,0.9K
"Đấu La: Trực Bá Vấn Đáp, Toàn Thế Giới Bị Ngã Bộc Quang",Hài hước,https://ebookvie.com/ebook/dau-la-truc-ba-van-dap-toan-the-gioi-bi-nga-boc-quang/,https://ebookvie.com/wp-content/uploads/2025/06/dau-la_-truc-ba-van-dap-toan-the-gioi-bi-nga-boc-quang-5bc5d-trac-tinh-dong.jpg,1.1K,0.9K
Cầu Thần Không Bằng Cầu Ta,Hài hước,https://ebookvie.com/ebook/cau-than-khong-bang-cau-ta/,https://ebookvie.com/wp-content/uploads/2025/06/cau-than-khong-bang-cau-ta-tran-thap-nien.jpg,1.5K,1.1K
Cầu Thần Không Bằng Cầu Ta,Hài hước,https://ebookvie.com/ebook/cau-than-khong-bang-cau-ta/,https://ebookvie.com/wp-content/uploads/2025/06/cau-than-khong-bang-cau-ta-tran-thap-nien.jpg,1.5K,1.1K
Bước Đến Hạnh Phúc,Hài hước,https://ebookvie.com/ebook/buoc-den-hanh-phuc/,https://ebookvie.com/wp-content/uploads/2025/06/buoc-den-hanh-phuc-truong-nhuoc-du.jpg,1.6K,1.2K
Bước Đến Hạnh Phúc,Hài hước,https://ebookvie.com/ebook/buoc-den-hanh-phuc/,https://ebookvie.com/wp-content/uploads/2025/06/buoc-den-hanh-phuc-truong-nhuoc-du.jpg,1.6K,1.2K
Vị Hôn Phu Của Tôi Có Thuật Đọc Tâm,Hài hước,https://ebookvie.com/ebook/vi-hon-phu-cua-toi-co-thuat-doc-tam/,https://ebookvie.com/wp-content/uploads/2025/06/vi-hon-phu-cua-toi-co-thuat-doc-tam-tan-hoang.jpg,3.8K,3.0K
Vị Hôn Phu Của Tôi Có Thuật Đọc Tâm,Hài hước,https://ebookvie.com/ebook/vi-hon-phu-cua-toi-co-thuat-doc-tam/,https://ebookvie.com/wp-content/uploads/2025/06/vi-hon-phu-cua-toi-co-thuat-doc-tam-tan-hoang.jpg,3.8K,3.0K
Chấn Động! Thiên Kim Toàn Năng Thu Nạp Đàn Em Trong Show Truyền Hình,Hài hước,https://ebookvie.com/ebook/chan-dong-thien-kim-toan-nang-thu-nap-dan-em-trong-show-truyen-hinh/,https://ebookvie.com/wp-content/uploads/2025/06/chan-dong-thien-kim-toan-nang-thu-nap-dan-em-trong-show-truyen-hinh-tinh-thien-tuong.jpg,2.8K,2.1K
Chấn Động! Thiên Kim Toàn Năng Thu Nạp Đàn Em Trong Show Truyền Hình,Hài hước,https://ebookvie.com/ebook/chan-dong-thien-kim-toan-nang-thu-nap-dan-em-trong-show-truyen-hinh/,https://ebookvie.com/wp-content/uploads/2025/06/chan-dong-thien-kim-toan-nang-thu-nap-dan-em-trong-show-truyen-hinh-tinh-thien-tuong.jpg,2.8K,2.1K
Xuyên Thành Cung Nữ Của Tần Thủy Hoàng Thời Niên Thiếu,Hài hước,https://ebookvie.com/ebook/xuyen-thanh-cung-nu-cua-tan-thuy-hoang-thoi-nien-thieu/,https://ebookvie.com/wp-content/uploads/2025/02/xuyen-thanh-cung-nu-cua-tan-thuy-hoang-thoi-nien-thieu-co-nga-tac-tieu.jpg,3.3K,2.6K
Xuyên Thành Cung Nữ Của Tần Thủy Hoàng Thời Niên Thiếu,Hài hước,https://ebookvie.com/ebook/xuyen-thanh-cung-nu-cua-tan-thuy-hoang-thoi-nien-thieu/,https://ebookvie.com/wp-content/uploads/2025/02/xuyen-thanh-cung-nu-cua-tan-thuy-hoang-thoi-nien-thieu-co-nga-tac-tieu.jpg,3.3K,2.6K
Phú Bà Hào Môn Chỉ Muốn Sống An Nhàn,Đô thị,https://ebookvie.com/ebook/phu-ba-hao-mon-chi-muon-song-an-nhan/,https://ebookvie.com/wp-content/uploads/2025/02/phu-ba-hao-mon-chi-muon-song-an-nhan-du-thanh-thanh.jpg,6K,4.6K
Phú Bà Hào Môn Chỉ Muốn Sống An Nhàn,Đô thị,https://ebookvie.com/ebook/phu-ba-hao-mon-chi-muon-song-an-nhan/,https://ebookvie.com/wp-content/uploads/2025/02/phu-ba-hao-mon-chi-muon-song-an-nhan-du-thanh-thanh.jpg,6K,4.6K
Ta Dụ Dỗ Người Không Nên Động Vào Rồi,Hài hước,https://ebookvie.com/ebook/ta-du-do-nguoi-khong-nen-dong-vao-roi/,https://ebookvie.com/wp-content/uploads/2025/02/ta-du-do-nguoi-khong-nen-dong-vao-roi-nhat-xuyen-yen-thao.jpg,7.1K,5.5K
Ta Dụ Dỗ Người Không Nên Động Vào Rồi,Hài hước,https://ebookvie.com/ebook/ta-du-do-nguoi-khong-nen-dong-vao-roi/,https://ebookvie.com/wp-content/uploads/2025/02/ta-du-do-nguoi-khong-nen-dong-vao-roi-nhat-xuyen-yen-thao.jpg,7.1K,5.5K
"Thập Niên 70 – Mang Theo Chục Tỷ Vật Tư, Được Gã Đàn Ông Thô Kệch Sủng Đến Khóc",Hài hước,https://ebookvie.com/ebook/thap-nien-70-mang-theo-chuc-ty-vat-tu-duoc-ga-dan-ong-tho-kech-sung-den-khoc/,https://ebookvie.com/wp-content/uploads/2025/02/Cover.jpg,7.5K,5.8K
"Thập Niên 70 – Mang Theo Chục Tỷ Vật Tư, Được Gã Đàn Ông Thô Kệch Sủng Đến Khóc",Hài hước,https://ebookvie.com/ebook/thap-nien-70-mang-theo-chuc-ty-vat-tu-duoc-ga-dan-ong-tho-kech-sung-den-khoc/,https://ebookvie.com/wp-content/uploads/2025/02/Cover.jpg,7.5K,5.8K
Gả Thay Ngọt Ngào,Hài hước,https://ebookvie.com/ebook/ga-thay-ngot-ngao/,https://ebookvie.com/wp-content/uploads/2025/02/ga-thay-ngot-ngao-binh-tu.jpg,6.5K,5.0K
Gả Thay Ngọt Ngào,Hài hước,https://ebookvie.com/ebook/ga-thay-ngot-ngao/,https://ebookvie.com/wp-content/uploads/2025/02/ga-thay-ngot-ngao-binh-tu.jpg,6.5K,5.0K
Tiền Kiếp Làm Thiếp Hậu Kiếp Làm Thê,18+,https://ebookvie.com/ebook/tien-kiep-lam-thiep-hau-kiep-lam-the/,https://ebookvie.com/wp-content/uploads/2025/02/tien-kiep-lam-thiep-hau-kiep-lam-the-hoa-my-nhan.jpg,9.3K,7.2K
Tiền Kiếp Làm Thiếp Hậu Kiếp Làm Thê,18+,https://ebookvie.com/ebook/tien-kiep-lam-thiep-hau-kiep-lam-the/,https://ebookvie.com/wp-content/uploads/2025/02/tien-kiep-lam-thiep-hau-kiep-lam-the-hoa-my-nhan.jpg,9.3K,7.2K
Thứ Trưởng Nữ,Hài hước,https://ebookvie.com/ebook/thu-truong-nu/,https://ebookvie.com/wp-content/uploads/2025/02/thu-truong-nu-oa-nguu.jpg,6.2K,4.8K
Thứ Trưởng Nữ,Hài hước,https://ebookvie.com/ebook/thu-truong-nu/,https://ebookvie.com/wp-content/uploads/2025/02/thu-truong-nu-oa-nguu.jpg,6.2K,4.8K
Hình Chiến – Đạm Nguyệt,18+,https://ebookvie.com/ebook/hinh-chien-dam-nguyet/,https://ebookvie.com/wp-content/uploads/2025/02/hinh-chien-dam-nguyet.jpg,10K,7.7K
Hình Chiến – Đạm Nguyệt,18+,https://ebookvie.com/ebook/hinh-chien-dam-nguyet/,https://ebookvie.com/wp-content/uploads/2025/02/hinh-chien-dam-nguyet.jpg,10K,7.7K
Hoành Thánh Trứu Sa,Hài hước,https://ebookvie.com/ebook/hoanh-thanh-truu-sa/,https://ebookvie.com/wp-content/uploads/2025/02/hoanh-thanh-truu-sa-ma-de-cao.jpg,5.6K,4.3K
Hoành Thánh Trứu Sa,Hài hước,https://ebookvie.com/ebook/hoanh-thanh-truu-sa/,https://ebookvie.com/wp-content/uploads/2025/02/hoanh-thanh-truu-sa-ma-de-cao.jpg,5.6K,4.3K
Tuyết Mị Nương,Hài hước,https://ebookvie.com/ebook/tuyet-mi-nuong/,https://ebookvie.com/wp-content/uploads/2025/02/tuyet-mi-nuong-gia-oan-chuc.jpg,6K,4.6K
Tuyết Mị Nương,Hài hước,https://ebookvie.com/ebook/tuyet-mi-nuong/,https://ebookvie.com/wp-content/uploads/2025/02/tuyet-mi-nuong-gia-oan-chuc.jpg,6K,4.6K
Buông Rèm Pha Lê,Hài hước,https://ebookvie.com/ebook/buong-rem-pha-le/,https://ebookvie.com/wp-content/uploads/2025/02/buong-rem-pha-le-nguyen-vien.jpg,5.9K,4.6K
Buông Rèm Pha Lê,Hài hước,https://ebookvie.com/ebook/buong-rem-pha-le/,https://ebookvie.com/wp-content/uploads/2025/02/buong-rem-pha-le-nguyen-vien.jpg,5.9K,4.6K
Chuyện Tình Khe Núi,Hài hước,https://ebookvie.com/ebook/chuyen-tinh-khe-nui/,https://ebookvie.com/wp-content/uploads/2025/02/chuyen-tinh-khe-nui-noan-duong-tay-tay.jpg,6K,4.6K
Chuyện Tình Khe Núi,Hài hước,https://ebookvie.com/ebook/chuyen-tinh-khe-nui/,https://ebookvie.com/wp-content/uploads/2025/02/chuyen-tinh-khe-nui-noan-duong-tay-tay.jpg,6K,4.6K
Khách Trọ (Tháo Hán),Đô thị,https://ebookvie.com/ebook/khach-tro-thao-han/,https://ebookvie.com/wp-content/uploads/2025/02/khach-tro-thao-han-vo-toi-quoc-do.jpg,5.9K,4.6K
Khách Trọ (Tháo Hán),Đô thị,https://ebookvie.com/ebook/khach-tro-thao-han/,https://ebookvie.com/wp-content/uploads/2025/02/khach-tro-thao-han-vo-toi-quoc-do.jpg,5.9K,4.6K
Sau Khi Bị Thái Tử Phát Hiện Là Nữ Giả Nam,Hài hước,https://ebookvie.com/ebook/sau-khi-bi-thai-tu-phat-hien-la-nu-gia-nam/,https://ebookvie.com/wp-content/uploads/2025/02/sau-khi-bi-thai-tu-phat-hien-la-nu-gia-nam-nhi-doa-hat-tra.jpg,6.7K,5.2K
Sau Khi Bị Thái Tử Phát Hiện Là Nữ Giả Nam,Hài hước,https://ebookvie.com/ebook/sau-khi-bi-thai-tu-phat-hien-la-nu-gia-nam/,https://ebookvie.com/wp-content/uploads/2025/02/sau-khi-bi-thai-tu-phat-hien-la-nu-gia-nam-nhi-doa-hat-tra.jpg,6.7K,5.2K
"Sau Khi Bị Vả Mặt, Nữ Phụ Trèo Cao Có Được Nam Chính",Hài hước,https://ebookvie.com/ebook/sau-khi-bi-va-mat-nu-phu-treo-cao-co-duoc-nam-chinh/,https://ebookvie.com/wp-content/uploads/2025/02/sau-khi-bi-va-mat-nu-phu-treo-cao-co-duoc-nam-chinh-mien-nhuyen-nhuyen.jpg,6.2K,4.7K
"Sau Khi Bị Vả Mặt, Nữ Phụ Trèo Cao Có Được Nam Chính",Hài hước,https://ebookvie.com/ebook/sau-khi-bi-va-mat-nu-phu-treo-cao-co-duoc-nam-chinh/,https://ebookvie.com/wp-content/uploads/2025/02/sau-khi-bi-va-mat-nu-phu-treo-cao-co-duoc-nam-chinh-mien-nhuyen-nhuyen.jpg,6.2K,4.7K
"Vừa Thành Tiên Thần, Con Cháu Cầu Ta Đăng Cơ",Hài hước,https://ebookvie.com/ebook/vua-thanh-tien-than-con-chau-cau-ta-dang-co/,https://ebookvie.com/wp-content/uploads/2025/02/vua-thanh-tien-than-con-chau-cau-ta-dang-co-nham-nga-tieu.jpg,8.9K,6.8K
"Vừa Thành Tiên Thần, Con Cháu Cầu Ta Đăng Cơ",Hài hước,https://ebookvie.com/ebook/vua-thanh-tien-than-con-chau-cau-ta-dang-co/,https://ebookvie.com/wp-content/uploads/2025/02/vua-thanh-tien-than-con-chau-cau-ta-dang-co-nham-nga-tieu.jpg,8.9K,6.8K
Công Công Đón Dâu,Hài hước,https://ebookvie.com/ebook/cong-cong-don-dau/,https://ebookvie.com/wp-content/uploads/2025/02/cong-cong-don-dau-lao-trung-y.jpg,7K,5.4K
Công Công Đón Dâu,Hài hước,https://ebookvie.com/ebook/cong-cong-don-dau/,https://ebookvie.com/wp-content/uploads/2025/02/cong-cong-don-dau-lao-trung-y.jpg,7K,5.4K
Vợ Quỷ – Xích Ma ĐL,Hài hước,https://ebookvie.com/ebook/vo-quy-xich-ma-dl/,https://ebookvie.com/wp-content/uploads/2025/02/vo-quy-xich-ma-dl.jpg,8.6K,6.6K
Vợ Quỷ – Xích Ma ĐL,Hài hước,https://ebookvie.com/ebook/vo-quy-xich-ma-dl/,https://ebookvie.com/wp-content/uploads/2025/02/vo-quy-xich-ma-dl.jpg,8.6K,6.6K
Chiến Thần Ở Rể,Đô thị,https://ebookvie.com/ebook/chien-than-o-re/,https://ebookvie.com/wp-content/uploads/2025/02/chien-than-o-re-tieu-tieu.jpg,6.4K,5.0K
Chiến Thần Ở Rể,Đô thị,https://ebookvie.com/ebook/chien-than-o-re/,https://ebookvie.com/wp-content/uploads/2025/02/chien-than-o-re-tieu-tieu.jpg,6.4K,5.0K
Chạy Mau! Ma Đầu Kia Tới!,Hài hước,https://ebookvie.com/ebook/chay-mau-ma-dau-kia-toi/,https://ebookvie.com/wp-content/uploads/2025/02/chay-mau-ma-dau-kia-toi-hieu-truong-ba-khi-dich-van-tu.jpg,8.6K,6.6K
Chạy Mau! Ma Đầu Kia Tới!,Hài hước,https://ebookvie.com/ebook/chay-mau-ma-dau-kia-toi/,https://ebookvie.com/wp-content/uploads/2025/02/chay-mau-ma-dau-kia-toi-hieu-truong-ba-khi-dich-van-tu.jpg,8.6K,6.6K
"Ngẫu Nhiên Bày Quầy Bán Hàng, Khách Hàng Đuổi Theo Tôi Mười Con Phố",Hài hước,https://ebookvie.com/ebook/ngau-nhien-bay-quay-ban-hang-khach-hang-duoi-theo-toi-muoi-con-pho/,https://ebookvie.com/wp-content/uploads/2025/02/ngau-nhien-bay-quay-ban-hang-khach-hang-duoi-theo-toi-muoi-con-pho.jpg,11.4K,8.7K
"Ngẫu Nhiên Bày Quầy Bán Hàng, Khách Hàng Đuổi Theo Tôi Mười Con Phố",Hài hước,https://ebookvie.com/ebook/ngau-nhien-bay-quay-ban-hang-khach-hang-duoi-theo-toi-muoi-con-pho/,https://ebookvie.com/wp-content/uploads/2025/02/ngau-nhien-bay-quay-ban-hang-khach-hang-duoi-theo-toi-muoi-con-pho.jpg,11.4K,8.7K
Phản Phái – Vừa Mới Bắt Đầu Đã Bị Mẹ Nhân Vật Chính Yêu Thầm,Đô thị,https://ebookvie.com/ebook/phan-phai-vua-moi-bat-dau-da-bi-me-nhan-vat-chinh-yeu-tham/,https://ebookvie.com/wp-content/uploads/2025/02/vua-moi-bat-dau-da-bi-me-nhan-vat-chinh-yeu-tham.jpg,6.5K,5.0K
Phản Phái – Vừa Mới Bắt Đầu Đã Bị Mẹ Nhân Vật Chính Yêu Thầm,Đô thị,https://ebookvie.com/ebook/phan-phai-vua-moi-bat-dau-da-bi-me-nhan-vat-chinh-yeu-tham/,https://ebookvie.com/wp-content/uploads/2025/02/vua-moi-bat-dau-da-bi-me-nhan-vat-chinh-yeu-tham.jpg,6.5K,5.0K
Ta Chính Là Không Theo Sáo Lộ Ra Bài,Hài hước,https://ebookvie.com/ebook/ta-chinh-la-khong-theo-sao-lo-ra-bai/,https://ebookvie.com/wp-content/uploads/2025/02/ta-chinh-la-khong-theo-sao-lo-ra-bai-bach-phan-chi-that.jpg,7.6K,5.9K
Ta Chính Là Không Theo Sáo Lộ Ra Bài,Hài hước,https://ebookvie.com/ebook/ta-chinh-la-khong-theo-sao-lo-ra-bai/,https://ebookvie.com/wp-content/uploads/2025/02/ta-chinh-la-khong-theo-sao-lo-ra-bai-bach-phan-chi-that.jpg,7.6K,5.9K
"Để Ngươi Mua Ve Chai, Ngươi Thu Được Ngọc Tỉ Truyền Quốc!?",Hài hước,https://ebookvie.com/ebook/de-nguoi-mua-ve-chai-nguoi-thu-duoc-ngoc-ti-truyen-quoc/,https://ebookvie.com/wp-content/uploads/2025/02/de-nguoi-mua-ve-chai-nguoi-thu-duoc-ngoc-ti-truyen-quoc_-van-tieu-ngao-cuu-thien.jpg,6.4K,4.9K
"Để Ngươi Mua Ve Chai, Ngươi Thu Được Ngọc Tỉ Truyền Quốc!?",Hài hước,https://ebookvie.com/ebook/de-nguoi-mua-ve-chai-nguoi-thu-duoc-ngoc-ti-truyen-quoc/,https://ebookvie.com/wp-content/uploads/2025/02/de-nguoi-mua-ve-chai-nguoi-thu-duoc-ngoc-ti-truyen-quoc_-van-tieu-ngao-cuu-thien.jpg,6.4K,4.9K
Đệ Đệ Của Ta Là Thiên Tuyển Chi Tử,Hài hước,https://ebookvie.com/ebook/de-de-cua-ta-la-thien-tuyen-chi-tu/,https://ebookvie.com/wp-content/uploads/2025/02/de-de-cua-ta-la-thien-tuyen-chi-tu-gia-duong-lieu-chich-phi-tho.jpg,6.4K,4.9K
Đệ Đệ Của Ta Là Thiên Tuyển Chi Tử,Hài hước,https://ebookvie.com/ebook/de-de-cua-ta-la-thien-tuyen-chi-tu/,https://ebookvie.com/wp-content/uploads/2025/02/de-de-cua-ta-la-thien-tuyen-chi-tu-gia-duong-lieu-chich-phi-tho.jpg,6.4K,4.9K
"Mỗi Ngày, Khí Lực Của Ta Tăng Trưởng 100 Cân",Hài hước,https://ebookvie.com/ebook/moi-ngay-khi-luc-cua-ta-tang-truong-100-can/,https://ebookvie.com/wp-content/uploads/2025/02/moi-ngay-khi-luc-cua-ta-tang-truong-100-can-giang-ho-phong-tran-khach.jpg,7.7K,5.9K
"Mỗi Ngày, Khí Lực Của Ta Tăng Trưởng 100 Cân",Hài hước,https://ebookvie.com/ebook/moi-ngay-khi-luc-cua-ta-tang-truong-100-can/,https://ebookvie.com/wp-content/uploads/2025/02/moi-ngay-khi-luc-cua-ta-tang-truong-100-can-giang-ho-phong-tran-khach.jpg,7.7K,5.9K
Đều Trùng Sinh Rồi Còn Yêu Đương Cái Gì Nữa A?,Đô thị,https://ebookvie.com/ebook/deu-trung-sinh-roi-con-yeu-duong-cai-gi-nua-a/,https://ebookvie.com/wp-content/uploads/2025/02/deu-trung-sinh-roi-con-yeu-duong-cai-gi-nua-a_-thac-na-nhi-lieu.jpg,6.7K,5.2K
Đều Trùng Sinh Rồi Còn Yêu Đương Cái Gì Nữa A?,Đô thị,https://ebookvie.com/ebook/deu-trung-sinh-roi-con-yeu-duong-cai-gi-nua-a/,https://ebookvie.com/wp-content/uploads/2025/02/deu-trung-sinh-roi-con-yeu-duong-cai-gi-nua-a_-thac-na-nhi-lieu.jpg,6.7K,5.2K
"Đoán Mệnh Trực Tiếp – Thủy Hữu, Đầu Ngươi Xanh",Hài hước,https://ebookvie.com/ebook/doan-menh-truc-tiep-thuy-huu-dau-nguoi-xanh/,https://ebookvie.com/wp-content/uploads/2025/02/doan-menh-truc-tiep_-thuy-huu-dau-nguoi-xanh-lang-nhuoc-ty.jpg,7.4K,5.7K
"Đoán Mệnh Trực Tiếp – Thủy Hữu, Đầu Ngươi Xanh",Hài hước,https://ebookvie.com/ebook/doan-menh-truc-tiep-thuy-huu-dau-nguoi-xanh/,https://ebookvie.com/wp-content/uploads/2025/02/doan-menh-truc-tiep_-thuy-huu-dau-nguoi-xanh-lang-nhuoc-ty.jpg,7.4K,5.7K
"Ta Là Trù Thần, Toàn Tông Môn Đều Bị Ta Làm Thèm Khóc",Hài hước,https://ebookvie.com/ebook/ta-la-tru-than-toan-tong-mon-deu-bi-ta-lam-them-khoc/,https://ebookvie.com/wp-content/uploads/2025/02/ta-la-tru-than2c-toan-tong-mon-deu-bi-ta-lam-them-khoc-cuu-ngu.jpg,6.2K,4.8K
"Ta Là Trù Thần, Toàn Tông Môn Đều Bị Ta Làm Thèm Khóc",Hài hước,https://ebookvie.com/ebook/ta-la-tru-than-toan-tong-mon-deu-bi-ta-lam-them-khoc/,https://ebookvie.com/wp-content/uploads/2025/02/ta-la-tru-than2c-toan-tong-mon-deu-bi-ta-lam-them-khoc-cuu-ngu.jpg,6.2K,4.8K
Ta Dựa Vào Dao Giải Phẫu Tung Hoành Tu Tiên Giới!,Hài hước,https://ebookvie.com/ebook/ta-dua-vao-dao-giai-phau-tung-hoanh-tu-tien-gioi/,https://ebookvie.com/wp-content/uploads/2025/02/ta-dua-vao-dao-giai-phau-tung-hoanh-tu-tien-gioi-bac-ha-mieu.jpg,7.3K,5.7K
Ta Dựa Vào Dao Giải Phẫu Tung Hoành Tu Tiên Giới!,Hài hước,https://ebookvie.com/ebook/ta-dua-vao-dao-giai-phau-tung-hoanh-tu-tien-gioi/,https://ebookvie.com/wp-content/uploads/2025/02/ta-dua-vao-dao-giai-phau-tung-hoanh-tu-tien-gioi-bac-ha-mieu.jpg,7.3K,5.7K
Thần Hào – Ta Thừa Kế Tài Sản Trong Game,Hài hước,https://ebookvie.com/ebook/than-hao-ta-thua-ke-tai-san-trong-game/,https://ebookvie.com/wp-content/uploads/2025/02/than-hao_-ta-thua-ke-tai-san-trong-game-ke-dan-bo-dai.jpg,6K,4.6K
Thần Hào – Ta Thừa Kế Tài Sản Trong Game,Hài hước,https://ebookvie.com/ebook/than-hao-ta-thua-ke-tai-san-trong-game/,https://ebookvie.com/wp-content/uploads/2025/02/than-hao_-ta-thua-ke-tai-san-trong-game-ke-dan-bo-dai.jpg,6K,4.6K
Từ Hài Nhi Bắt Đầu Nhập Đạo,Hài hước,https://ebookvie.com/ebook/tu-hai-nhi-bat-dau-nhap-dao/,https://ebookvie.com/wp-content/uploads/2025/02/tu-hai-nhi-bat-dau-nhap-dao-co-hi.jpg,7.2K,5.5K
Từ Hài Nhi Bắt Đầu Nhập Đạo,Hài hước,https://ebookvie.com/ebook/tu-hai-nhi-bat-dau-nhap-dao/,https://ebookvie.com/wp-content/uploads/2025/02/tu-hai-nhi-bat-dau-nhap-dao-co-hi.jpg,7.2K,5.5K
Tức Tử – Khả Năng Chết Tức Thì Của Tôi Quá Mạnh,Hài hước,https://ebookvie.com/ebook/tuc-tu-kha-nang-chet-tuc-thi-cua-toi-qua-manh/,https://ebookvie.com/wp-content/uploads/2025/02/tuc-tu-instant-death-tsuyoshi-fujitaka.jpg,6.8K,5.3K
Tức Tử – Khả Năng Chết Tức Thì Của Tôi Quá Mạnh,Hài hước,https://ebookvie.com/ebook/tuc-tu-kha-nang-chet-tuc-thi-cua-toi-qua-manh/,https://ebookvie.com/wp-content/uploads/2025/02/tuc-tu-instant-death-tsuyoshi-fujitaka.jpg,6.8K,5.3K
Tiên Cá Học Đường,Hài hước,https://ebookvie.com/ebook/tien-ca-hoc-duong/,https://ebookvie.com/wp-content/uploads/2025/02/tien-ca-hoc-duong.jpg,9.4K,7.2K
Tiên Cá Học Đường,Hài hước,https://ebookvie.com/ebook/tien-ca-hoc-duong/,https://ebookvie.com/wp-content/uploads/2025/02/tien-ca-hoc-duong.jpg,9.4K,7.2K
Trường Sinh Bắt Đầu Từ Việc Lấy Vợ,Hài hước,https://ebookvie.com/ebook/truong-sinh-bat-dau-tu-viec-lay-vo/,https://ebookvie.com/wp-content/uploads/2025/02/truong-sinh-bat-dau-tu-viec-lay-vo-hi-ai-cat-hoang-qua.jpg,6.7K,5.2K
Trường Sinh Bắt Đầu Từ Việc Lấy Vợ,Hài hước,https://ebookvie.com/ebook/truong-sinh-bat-dau-tu-viec-lay-vo/,https://ebookvie.com/wp-content/uploads/2025/02/truong-sinh-bat-dau-tu-viec-lay-vo-hi-ai-cat-hoang-qua.jpg,6.7K,5.2K
Tối Cường Tiên Đế Tại Đô Thị,Đô thị,https://ebookvie.com/ebook/toi-cuong-tien-de-tai-do-thi/,https://ebookvie.com/wp-content/uploads/2025/02/toi-cuong-tien-de-tai-do-thi-nu-vuong-quyen-ty.jpg,6.8K,5.3K
Tối Cường Tiên Đế Tại Đô Thị,Đô thị,https://ebookvie.com/ebook/toi-cuong-tien-de-tai-do-thi/,https://ebookvie.com/wp-content/uploads/2025/02/toi-cuong-tien-de-tai-do-thi-nu-vuong-quyen-ty.jpg,6.8K,5.3K
Võng Du Kẻ Địch Của Toàn Bộ Server,Hài hước,https://ebookvie.com/ebook/vong-du-ke-dich-cua-toan-bo-server/,https://ebookvie.com/wp-content/uploads/2025/02/vong-du-ke-dich-cua-toan-bo-server-hac-bach-tuong-gian.jpg,6.3K,4.8K
Võng Du Kẻ Địch Của Toàn Bộ Server,Hài hước,https://ebookvie.com/ebook/vong-du-ke-dich-cua-toan-bo-server/,https://ebookvie.com/wp-content/uploads/2025/02/vong-du-ke-dich-cua-toan-bo-server-hac-bach-tuong-gian.jpg,6.3K,4.8K
"Trời Ạ, Lão Tổ Lại Cưới Thêm Vợ Bé Nữa Rồi!",Hài hước,https://ebookvie.com/ebook/troi-a-lao-to-lai-cuoi-them-vo-be-nua-roi/,https://ebookvie.com/wp-content/uploads/2025/02/troi-a2c-lao-to-lai-cuoi-them-vo-be-nua-roi-bac-mon-phieu-tuyet.jpg,6.2K,4.8K
"Trời Ạ, Lão Tổ Lại Cưới Thêm Vợ Bé Nữa Rồi!",Hài hước,https://ebookvie.com/ebook/troi-a-lao-to-lai-cuoi-them-vo-be-nua-roi/,https://ebookvie.com/wp-content/uploads/2025/02/troi-a2c-lao-to-lai-cuoi-them-vo-be-nua-roi-bac-mon-phieu-tuyet.jpg,6.2K,4.8K
"Toàn Cầu Cao Võ – Cày Quái Thành Thần, Ta Đánh Xuyên Qua Nhân Loại Cấm Khu",Hài hước,https://ebookvie.com/ebook/toan-cau-cao-vo-cay-quai-thanh-than-ta-danh-xuyen-qua-nhan-loai-cam-khu/,https://ebookvie.com/wp-content/uploads/2025/02/toan-cau-cao-vo_-cay-quai-thanh-than-ta-danh-xuyen-qua-nhan-loai-cam-khu-ly-a-ca.jpg,6.4K,4.9K
"Toàn Cầu Cao Võ – Cày Quái Thành Thần, Ta Đánh Xuyên Qua Nhân Loại Cấm Khu",Hài hước,https://ebookvie.com/ebook/toan-cau-cao-vo-cay-quai-thanh-than-ta-danh-xuyen-qua-nhan-loai-cam-khu/,https://ebookvie.com/wp-content/uploads/2025/02/toan-cau-cao-vo_-cay-quai-thanh-than-ta-danh-xuyen-qua-nhan-loai-cam-khu-ly-a-ca.jpg,6.4K,4.9K
Trò Chơi Này Cũng Quá Chân Thật,Hài hước,https://ebookvie.com/ebook/tro-choi-nay-cung-qua-chan-that/,https://ebookvie.com/wp-content/uploads/2025/02/tro-choi-nay-cung-qua-chan-that-than-tinh-ll.jpg,6.7K,5.2K
Trò Chơi Này Cũng Quá Chân Thật,Hài hước,https://ebookvie.com/ebook/tro-choi-nay-cung-qua-chan-that/,https://ebookvie.com/wp-content/uploads/2025/02/tro-choi-nay-cung-qua-chan-that-than-tinh-ll.jpg,6.7K,5.2K
"Thôi Được Rồi, Làm Tiên Nữ Thì Sao Chứ!",Hài hước,https://ebookvie.com/ebook/thoi-duoc-roi-lam-tien-nu-thi-sao-chu/,https://ebookvie.com/wp-content/uploads/2025/02/thoi-duoc-roi2c-lam-tien-nu-thi-sao-chu-tiem-tiem-dich-hoa.jpg,7.3K,5.6K
"Thôi Được Rồi, Làm Tiên Nữ Thì Sao Chứ!",Hài hước,https://ebookvie.com/ebook/thoi-duoc-roi-lam-tien-nu-thi-sao-chu/,https://ebookvie.com/wp-content/uploads/2025/02/thoi-duoc-roi2c-lam-tien-nu-thi-sao-chu-tiem-tiem-dich-hoa.jpg,7.3K,5.6K
Thành Nhà Giàu Nhất Bắt Đầu Từ Thua Lỗ Game,Hài hước,https://ebookvie.com/ebook/thanh-nha-giau-nhat-bat-dau-tu-thua-lo-game/,https://ebookvie.com/wp-content/uploads/2025/02/thanh-nha-giau-nhat-bat-dau-tu-thua-lo-game-thanh-sam-thu-tuy.jpg,8.9K,6.8K
Thành Nhà Giàu Nhất Bắt Đầu Từ Thua Lỗ Game,Hài hước,https://ebookvie.com/ebook/thanh-nha-giau-nhat-bat-dau-tu-thua-lo-game/,https://ebookvie.com/wp-content/uploads/2025/02/thanh-nha-giau-nhat-bat-dau-tu-thua-lo-game-thanh-sam-thu-tuy.jpg,8.9K,6.8K
Cô Nàng Thần Bí Thập Niên 60,Hài hước,https://ebookvie.com/ebook/co-nang-than-bi-thap-nien-60/,https://ebookvie.com/wp-content/uploads/2025/04/co-nang-than-bi-thap-nien-60-tu-tuu.jpg,6.4K,4.9K
Cô Nàng Thần Bí Thập Niên 60,Hài hước,https://ebookvie.com/ebook/co-nang-than-bi-thap-nien-60/,https://ebookvie.com/wp-content/uploads/2025/04/co-nang-than-bi-thap-nien-60-tu-tuu.jpg,6.4K,4.9K
Nữ Hoàng Làm Dáng,Hài hước,https://ebookvie.com/ebook/nu-hoang-lam-dang/,https://ebookvie.com/wp-content/uploads/2025/04/cover-1.jpg,7.1K,5.5K
Nữ Hoàng Làm Dáng,Hài hước,https://ebookvie.com/ebook/nu-hoang-lam-dang/,https://ebookvie.com/wp-content/uploads/2025/04/cover-1.jpg,7.1K,5.5K
Bọt Tháng Ngày,Hài hước,https://ebookvie.com/ebook/bot-thang-ngay/,https://ebookvie.com/wp-content/uploads/2025/03/bot-thang-ngay-boris-vian-le-phong-tuyet-dich.jpg,7.4K,5.7K
Bọt Tháng Ngày,Hài hước,https://ebookvie.com/ebook/bot-thang-ngay/,https://ebookvie.com/wp-content/uploads/2025/03/bot-thang-ngay-boris-vian-le-phong-tuyet-dich.jpg,7.4K,5.7K
Thập Niên 70 – Cô Nàng Pháo Hôi Cực Phẩm,Xuyên không,https://ebookvie.com/ebook/thap-nien-70-co-nang-phao-hoi-cuc-pham/,https://ebookvie.com/wp-content/uploads/2025/02/thap-nien-70_-co-nang-phao-hoi-cuc-pham-thap-hong-diep.jpg,6.9K,5.3K
Thập Niên 70 – Cô Nàng Pháo Hôi Cực Phẩm,Xuyên không,https://ebookvie.com/ebook/thap-nien-70-co-nang-phao-hoi-cuc-pham/,https://ebookvie.com/wp-content/uploads/2025/02/thap-nien-70_-co-nang-phao-hoi-cuc-pham-thap-hong-diep.jpg,6.9K,5.3K
Thập Niên 70 – Ôm Chặt Bắp Đùi Đại Lão,Xuyên không,https://ebookvie.com/ebook/thap-nien-70-om-chat-bap-dui-dai-lao/,https://ebookvie.com/wp-content/uploads/2025/02/thap-nien-70_-om-chat-bap-dui-dai-lao-diep-ninh-manh.jpg,6.8K,5.3K
Thập Niên 70 – Ôm Chặt Bắp Đùi Đại Lão,Xuyên không,https://ebookvie.com/ebook/thap-nien-70-om-chat-bap-dui-dai-lao/,https://ebookvie.com/wp-content/uploads/2025/02/thap-nien-70_-om-chat-bap-dui-dai-lao-diep-ninh-manh.jpg,6.8K,5.3K
Sếp Vương Không Muốn Hẹo,18+,https://ebookvie.com/ebook/sep-vuong-khong-muon-heo/,https://ebookvie.com/wp-content/uploads/2025/02/sep-vuong-khong-muon-heo-dao-ly-sanh-ca.jpg,8.5K,6.5K
Sếp Vương Không Muốn Hẹo,18+,https://ebookvie.com/ebook/sep-vuong-khong-muon-heo/,https://ebookvie.com/wp-content/uploads/2025/02/sep-vuong-khong-muon-heo-dao-ly-sanh-ca.jpg,8.5K,6.5K
Thời Kỳ Đồ Đá – Hoang Dại Hơn Đá,Hài hước,https://ebookvie.com/ebook/thoi-ky-do-da-hoang-dai-hon-da/,https://ebookvie.com/wp-content/uploads/2025/03/Thoi-Ky-Do-Da-Hoang-Dai-Hon-Da.jpg,9.4K,7.2K
Thời Kỳ Đồ Đá – Hoang Dại Hơn Đá,Hài hước,https://ebookvie.com/ebook/thoi-ky-do-da-hoang-dai-hon-da/,https://ebookvie.com/wp-content/uploads/2025/03/Thoi-Ky-Do-Da-Hoang-Dai-Hon-Da.jpg,9.4K,7.2K
Vừa Tỉnh Dậy Liền Nghe Nói Tôi Kết Hôn Rồi!!!,Hài hước,https://ebookvie.com/ebook/vua-tinh-day-lien-nghe-noi-toi-ket-hon-roi/,https://ebookvie.com/wp-content/uploads/2025/02/vua-tinh-day-lien-nghe-noi-toi-ket-hon-roi-moc-qua-hoang.jpg,6.5K,5.0K
Vừa Tỉnh Dậy Liền Nghe Nói Tôi Kết Hôn Rồi!!!,Hài hước,https://ebookvie.com/ebook/vua-tinh-day-lien-nghe-noi-toi-ket-hon-roi/,https://ebookvie.com/wp-content/uploads/2025/02/vua-tinh-day-lien-nghe-noi-toi-ket-hon-roi-moc-qua-hoang.jpg,6.5K,5.0K
Quỷ Dị Khôi Phục – Ta Có Thể Biến Thân Đại Yêu!,Hài hước,https://ebookvie.com/ebook/quy-di-khoi-phuc-ta-co-the-bien-than-dai-yeu/,https://ebookvie.com/wp-content/uploads/2025/02/quy-di-khoi-phuc_-ta-co-the-bien-than-dai-yeu-diep-lac-quy-ne.jpg,6.8K,5.2K
Quỷ Dị Khôi Phục – Ta Có Thể Biến Thân Đại Yêu!,Hài hước,https://ebookvie.com/ebook/quy-di-khoi-phuc-ta-co-the-bien-than-dai-yeu/,https://ebookvie.com/wp-content/uploads/2025/02/quy-di-khoi-phuc_-ta-co-the-bien-than-dai-yeu-diep-lac-quy-ne.jpg,6.8K,5.2K
"Đồ Nhi Chớ Hoảng Sợ, Vi Sư Ở Đây!",Tiên hiệp,https://ebookvie.com/ebook/do-nhi-cho-hoang-so-vi-su-o-day/,https://ebookvie.com/wp-content/uploads/2025/02/do-nhi-cho-hoang-so-vi-su-o-day-than-khi-vo-thanh.jpg,6.6K,5.1K
"Đồ Nhi Chớ Hoảng Sợ, Vi Sư Ở Đây!",Tiên hiệp,https://ebookvie.com/ebook/do-nhi-cho-hoang-so-vi-su-o-day/,https://ebookvie.com/wp-content/uploads/2025/02/do-nhi-cho-hoang-so-vi-su-o-day-than-khi-vo-thanh.jpg,6.6K,5.1K
"Chọn Anh Hùng Cấp C, Ta Bị Toàn Mạng Chế Giễu Ba Năm",Hài hước,https://ebookvie.com/ebook/chon-anh-hung-cap-c-ta-bi-toan-mang-che-gieu-ba-nam/,https://ebookvie.com/wp-content/uploads/2025/02/chon-anh-hung-cap-c-ta-bi-toan-mang-che-gieu-ba-nam-ma-lat-luu-lien.jpg,5.3K,4.1K
"Chọn Anh Hùng Cấp C, Ta Bị Toàn Mạng Chế Giễu Ba Năm",Hài hước,https://ebookvie.com/ebook/chon-anh-hung-cap-c-ta-bi-toan-mang-che-gieu-ba-nam/,https://ebookvie.com/wp-content/uploads/2025/02/chon-anh-hung-cap-c-ta-bi-toan-mang-che-gieu-ba-nam-ma-lat-luu-lien.jpg,5.3K,4.1K
Tý Quậy – Đào Hải,Truyện tranhSách thiếu nhi,https://ebookvie.com/ebook/ty-quay-dao-hai/,https://ebookvie.com/wp-content/uploads/2024/12/ty-quay.jpg,11K,8.5K
Tý Quậy – Đào Hải,Truyện tranhSách thiếu nhi,https://ebookvie.com/ebook/ty-quay-dao-hai/,https://ebookvie.com/wp-content/uploads/2024/12/ty-quay.jpg,11K,8.5K
Vị Thần Lang Thang Noragami,Truyện tranhSách thiếu nhi,https://ebookvie.com/ebook/vi-than-lang-thang-noragami/,https://ebookvie.com/wp-content/uploads/2024/12/vi-than-lang-thang-noragami.jpg,8.4K,6.5K
Vị Thần Lang Thang Noragami,Truyện tranhSách thiếu nhi,https://ebookvie.com/ebook/vi-than-lang-thang-noragami/,https://ebookvie.com/wp-content/uploads/2024/12/vi-than-lang-thang-noragami.jpg,8.4K,6.5K
Cuộc Trò Chuyện Quan Trọng Giữa Tớ Và Cậu,Truyện tranh,https://ebookvie.com/ebook/cuoc-tro-chuyen-quan-trong-giua-to-va-cau/,https://ebookvie.com/wp-content/uploads/2024/12/cuoc-tro-chuyen-quan-trong-giua-to-va-cau.jpg,7.4K,5.7K
Cuộc Trò Chuyện Quan Trọng Giữa Tớ Và Cậu,Truyện tranh,https://ebookvie.com/ebook/cuoc-tro-chuyen-quan-trong-giua-to-va-cau/,https://ebookvie.com/wp-content/uploads/2024/12/cuoc-tro-chuyen-quan-trong-giua-to-va-cau.jpg,7.4K,5.7K
Chàng CÙ LẦN và Nàng SEXY (Gyaru Bạn Gái Đầu Tiên),Truyện tranh,https://ebookvie.com/ebook/chang-cu-lan-va-nang-sexy-gyaru-ban-gai-dau-tien/,https://ebookvie.com/wp-content/uploads/2024/12/chang-cu-lan-va-nang-sexy-gyaru-ban-gai-dau-tien.jpg,8K,6.2K
Chàng CÙ LẦN và Nàng SEXY (Gyaru Bạn Gái Đầu Tiên),Truyện tranh,https://ebookvie.com/ebook/chang-cu-lan-va-nang-sexy-gyaru-ban-gai-dau-tien/,https://ebookvie.com/wp-content/uploads/2024/12/chang-cu-lan-va-nang-sexy-gyaru-ban-gai-dau-tien.jpg,8K,6.2K
Điềm Lành – Những Lời Tiên Tri Tuyệt Đích Và Chuẩn Xác Của Phù Thủy Agnes Nutter,Hài hước,https://ebookvie.com/ebook/diem-lanh-nhung-loi-tien-tri-tuyet-dich-va-chuan-xac-cua-phu-thuy-agnes-nutter/,https://ebookvie.com/wp-content/uploads/2025/02/diem-lanh-nhung-loi-tien-tri.jpg,11.4K,8.8K
Điềm Lành – Những Lời Tiên Tri Tuyệt Đích Và Chuẩn Xác Của Phù Thủy Agnes Nutter,Hài hước,https://ebookvie.com/ebook/diem-lanh-nhung-loi-tien-tri-tuyet-dich-va-chuan-xac-cua-phu-thuy-agnes-nutter/,https://ebookvie.com/wp-content/uploads/2025/02/diem-lanh-nhung-loi-tien-tri.jpg,11.4K,8.8K
Đập Nồi Bán Sắt Đi Học,Xuyên không,https://ebookvie.com/ebook/dap-noi-ban-sat-di-hoc/,https://ebookvie.com/wp-content/uploads/2024/12/dap-noi-ban-sat-di-hoc-hong-thu-bac.jpg,9.1K,7.0K
Đập Nồi Bán Sắt Đi Học,Xuyên không,https://ebookvie.com/ebook/dap-noi-ban-sat-di-hoc/,https://ebookvie.com/wp-content/uploads/2024/12/dap-noi-ban-sat-di-hoc-hong-thu-bac.jpg,9.1K,7.0K
Ai Bảo Hắn Tu Tiên,Tiên hiệp,https://ebookvie.com/ebook/ai-bao-han-tu-tien/,https://ebookvie.com/wp-content/uploads/2024/12/ai-bao-han-tu-tien-toi-bach-dich-o-nha.jpg,9.5K,7.3K
Ai Bảo Hắn Tu Tiên,Tiên hiệp,https://ebookvie.com/ebook/ai-bao-han-tu-tien/,https://ebookvie.com/wp-content/uploads/2024/12/ai-bao-han-tu-tien-toi-bach-dich-o-nha.jpg,9.5K,7.3K
Trò Chơi Trực Tuyến: Võ Lâm Bá Đồ,Hài hước,https://ebookvie.com/ebook/tro-choi-truc-tuyen-vo-lam-ba-do/,https://ebookvie.com/wp-content/uploads/2024/12/tro-choi-truc-tuyen_-vo-lam-ba-do-ha-ta.jpg,6.3K,4.9K
Trò Chơi Trực Tuyến: Võ Lâm Bá Đồ,Hài hước,https://ebookvie.com/ebook/tro-choi-truc-tuyen-vo-lam-ba-do/,https://ebookvie.com/wp-content/uploads/2024/12/tro-choi-truc-tuyen_-vo-lam-ba-do-ha-ta.jpg,6.3K,4.9K
Tối Cường Sơn Tặc Hệ Thống,Xuyên không,https://ebookvie.com/ebook/toi-cuong-son-tac-he-thong/,https://ebookvie.com/wp-content/uploads/2024/12/toi-cuong-son-tac-he-thong-cap-mo-dai-vuong.jpg,6.1K,4.7K
Tối Cường Sơn Tặc Hệ Thống,Xuyên không,https://ebookvie.com/ebook/toi-cuong-son-tac-he-thong/,https://ebookvie.com/wp-content/uploads/2024/12/toi-cuong-son-tac-he-thong-cap-mo-dai-vuong.jpg,6.1K,4.7K
Công Tử Khuynh Thành,Lãng mạn,https://ebookvie.com/ebook/cong-tu-khuynh-thanh/,https://ebookvie.com/wp-content/uploads/2024/12/cong-tu-khuynh-thanh-duy-hoa-tong-tu.jpg,6.1K,4.7K
Công Tử Khuynh Thành,Lãng mạn,https://ebookvie.com/ebook/cong-tu-khuynh-thanh/,https://ebookvie.com/wp-content/uploads/2024/12/cong-tu-khuynh-thanh-duy-hoa-tong-tu.jpg,6.1K,4.7K
"Bác Sĩ Tâm Lý Nhìn Thấu Vận Mệnh, Cũng Hợp Lý Nhỉ",Tâm lý học,https://ebookvie.com/ebook/bac-si-tam-ly-nhin-thau-van-menh-cung-hop-ly-nhi/,https://ebookvie.com/wp-content/uploads/2024/12/bac-si-tam-ly-nhin-thau-van-menh-cung-hop-ly-nhi-ban-menh-dieu-thien.jpg,9.7K,7.4K
"Bác Sĩ Tâm Lý Nhìn Thấu Vận Mệnh, Cũng Hợp Lý Nhỉ",Tâm lý học,https://ebookvie.com/ebook/bac-si-tam-ly-nhin-thau-van-menh-cung-hop-ly-nhi/,https://ebookvie.com/wp-content/uploads/2024/12/bac-si-tam-ly-nhin-thau-van-menh-cung-hop-ly-nhi-ban-menh-dieu-thien.jpg,9.7K,7.4K
Chinh Chiến Tại Tuyến Online,Hài hước,https://ebookvie.com/ebook/chinh-chien-tai-tuyen-online/,https://ebookvie.com/wp-content/uploads/2024/12/chinh-chien-tai-tuyen-online-nhat-dao-tram-tram-tram.jpg,5.7K,4.3K
Chinh Chiến Tại Tuyến Online,Hài hước,https://ebookvie.com/ebook/chinh-chien-tai-tuyen-online/,https://ebookvie.com/wp-content/uploads/2024/12/chinh-chien-tai-tuyen-online-nhat-dao-tram-tram-tram.jpg,5.7K,4.3K
Tôi Muốn Đi Sờ Cá Ở Cục Yêu Quái,Hài hước,https://ebookvie.com/ebook/toi-muon-di-so-ca-o-cuc-yeu-quai/,https://ebookvie.com/wp-content/uploads/2024/12/toi-muon-di-so-ca-o-cuc-yeu-quai-giang-nguyet-nien-nien.jpg,7.2K,5.5K
Tôi Muốn Đi Sờ Cá Ở Cục Yêu Quái,Hài hước,https://ebookvie.com/ebook/toi-muon-di-so-ca-o-cuc-yeu-quai/,https://ebookvie.com/wp-content/uploads/2024/12/toi-muon-di-so-ca-o-cuc-yeu-quai-giang-nguyet-nien-nien.jpg,7.2K,5.5K
Quỷ Đoản Mệnh Nhà Họ Tạ Sống Lâu Trăm Tuổi Rồi,Tiểu thuyết,https://ebookvie.com/ebook/quy-doan-menh-nha-ho-ta-song-lau-tram-tuoi-roi/,https://ebookvie.com/wp-content/uploads/2025/01/quy-doan-menh-nha-ho-ta-song-lau-tram-tuoi-roi-di-nhien.jpg,7.4K,5.7K
Quỷ Đoản Mệnh Nhà Họ Tạ Sống Lâu Trăm Tuổi Rồi,Tiểu thuyết,https://ebookvie.com/ebook/quy-doan-menh-nha-ho-ta-song-lau-tram-tuoi-roi/,https://ebookvie.com/wp-content/uploads/2025/01/quy-doan-menh-nha-ho-ta-song-lau-tram-tuoi-roi-di-nhien.jpg,7.4K,5.7K
Bần Tăng Không Muốn Làm Ảnh Đế,Tiểu thuyết,https://ebookvie.com/ebook/ban-tang-khong-muon-lam-anh-de/,https://ebookvie.com/wp-content/uploads/2024/12/ban-tang-khong-muon-lam-anh-de-dao-an-dat.jpg,6.9K,5.3K
Bần Tăng Không Muốn Làm Ảnh Đế,Tiểu thuyết,https://ebookvie.com/ebook/ban-tang-khong-muon-lam-anh-de/,https://ebookvie.com/wp-content/uploads/2024/12/ban-tang-khong-muon-lam-anh-de-dao-an-dat.jpg,6.9K,5.3K
Hộ Hoa trạng Nguyên Tại Hiện Đại,Xuyên không,https://ebookvie.com/ebook/ho-hoa-trang-nguyen-tai-hien-dai/,https://ebookvie.com/wp-content/uploads/2024/12/ho-hoa-trang-nguyen-tai-hien-dai-luong-thieu.jpg,7K,5.4K
Hộ Hoa trạng Nguyên Tại Hiện Đại,Xuyên không,https://ebookvie.com/ebook/ho-hoa-trang-nguyen-tai-hien-dai/,https://ebookvie.com/wp-content/uploads/2024/12/ho-hoa-trang-nguyen-tai-hien-dai-luong-thieu.jpg,7K,5.4K
"Chuyện Làm Mai Mối, Trước Giờ Ta Chưa Phục Ai Cả",Viễn tưởng,https://ebookvie.com/ebook/chuyen-lam-mai-moi-truoc-gio-ta-chua-phuc-ai-ca/,https://ebookvie.com/wp-content/uploads/2024/12/chuyen-lam-mai-moi-truoc-gio-ta-chua-phuc-ai-ca-nhi-xa.jpg,5.9K,4.5K
"Chuyện Làm Mai Mối, Trước Giờ Ta Chưa Phục Ai Cả",Viễn tưởng,https://ebookvie.com/ebook/chuyen-lam-mai-moi-truoc-gio-ta-chua-phuc-ai-ca/,https://ebookvie.com/wp-content/uploads/2024/12/chuyen-lam-mai-moi-truoc-gio-ta-chua-phuc-ai-ca-nhi-xa.jpg,5.9K,4.5K
Mẹ Kế Ở Cổ Đại Làm Cá Mặn,Lãng mạn,https://ebookvie.com/ebook/me-ke-o-co-dai-lam-ca-man/,https://ebookvie.com/wp-content/uploads/2024/12/me-ke-o-co-dai-lam-ca-man-minh-chi.jpg,5.8K,4.5K
Mẹ Kế Ở Cổ Đại Làm Cá Mặn,Lãng mạn,https://ebookvie.com/ebook/me-ke-o-co-dai-lam-ca-man/,https://ebookvie.com/wp-content/uploads/2024/12/me-ke-o-co-dai-lam-ca-man-minh-chi.jpg,5.8K,4.5K
Ta Chỉ Muốn An Tĩnh Làm Cẩu Đạo Bên Trong Người,Hài hước,https://ebookvie.com/ebook/ta-chi-muon-an-tinh-lam-cau-dao-ben-trong-nguoi/,https://ebookvie.com/wp-content/uploads/2024/12/ta-chi-muon-an-tinh-lam-cau-dao-ben-trong-nguoi-bao-tac-tieu-na-thiet.jpg,6.2K,4.8K
Ta Chỉ Muốn An Tĩnh Làm Cẩu Đạo Bên Trong Người,Hài hước,https://ebookvie.com/ebook/ta-chi-muon-an-tinh-lam-cau-dao-ben-trong-nguoi/,https://ebookvie.com/wp-content/uploads/2024/12/ta-chi-muon-an-tinh-lam-cau-dao-ben-trong-nguoi-bao-tac-tieu-na-thiet.jpg,6.2K,4.8K
Vờ Ấu Trĩ,Hài hước,https://ebookvie.com/ebook/vo-au-tri/,https://ebookvie.com/wp-content/uploads/2024/12/vo-au-tri-do-dang-tien-sam.jpg,6.3K,4.9K
Vờ Ấu Trĩ,Hài hước,https://ebookvie.com/ebook/vo-au-tri/,https://ebookvie.com/wp-content/uploads/2024/12/vo-au-tri-do-dang-tien-sam.jpg,6.3K,4.9K
Thám Tử Gà Mờ,Trinh thám,https://ebookvie.com/ebook/tham-tu-ga-mo/,https://ebookvie.com/wp-content/uploads/2024/06/Tham-Tu-Ga-Mo.jpg,2.6K,2.0K
Thám Tử Gà Mờ,Trinh thám,https://ebookvie.com/ebook/tham-tu-ga-mo/,https://ebookvie.com/wp-content/uploads/2024/06/Tham-Tu-Ga-Mo.jpg,2.6K,2.0K
Tín Đồ Shopping và Chị Gái,Hài hước,https://ebookvie.com/ebook/tin-do-shopping-va-chi-gai-sophie-kinsella/,https://ebookvie.com/wp-content/uploads/2024/02/Tin-Do-Shopping-va-Chi-Gai-Sophie-Kinsella.jpg,4K,3.1K
Tín Đồ Shopping và Chị Gái,Hài hước,https://ebookvie.com/ebook/tin-do-shopping-va-chi-gai-sophie-kinsella/,https://ebookvie.com/wp-content/uploads/2024/02/Tin-Do-Shopping-va-Chi-Gai-Sophie-Kinsella.jpg,4K,3.1K
Tín Đồ Shopping có Baby,Hài hước,https://ebookvie.com/ebook/tin-do-shopping-co-baby-sophie-kinsella/,https://ebookvie.com/wp-content/uploads/2024/02/Tin-Do-Shopping-co-Baby-Sophie-Kinsella.jpg,3.8K,2.9K
Tín Đồ Shopping có Baby,Hài hước,https://ebookvie.com/ebook/tin-do-shopping-co-baby-sophie-kinsella/,https://ebookvie.com/wp-content/uploads/2024/02/Tin-Do-Shopping-co-Baby-Sophie-Kinsella.jpg,3.8K,2.9K
Tín Đồ Shopping oanh tạc Manhattan,Hài hước,https://ebookvie.com/ebook/tin-do-shopping-oanh-tac-manhattan-sophie-kinsella/,https://ebookvie.com/wp-content/uploads/2024/02/Tin-Do-Shopping-oanh-tac-Manhattan-Sophie-Kinsella.jpg,4.7K,3.6K
Tín Đồ Shopping oanh tạc Manhattan,Hài hước,https://ebookvie.com/ebook/tin-do-shopping-oanh-tac-manhattan-sophie-kinsella/,https://ebookvie.com/wp-content/uploads/2024/02/Tin-Do-Shopping-oanh-tac-Manhattan-Sophie-Kinsella.jpg,4.7K,3.6K
Tự Thú của một Tín Đồ Shopping,Hài hước,https://ebookvie.com/ebook/tu-thu-cua-mot-tin-do-shopping-sophie-kinsella/,https://ebookvie.com/wp-content/uploads/2024/02/Tu-Thu-cua-mot-Tin-Do-Shopping-Sophie-Kinsella.jpg,3.4K,2.6K
Tự Thú của một Tín Đồ Shopping,Hài hước,https://ebookvie.com/ebook/tu-thu-cua-mot-tin-do-shopping-sophie-kinsella/,https://ebookvie.com/wp-content/uploads/2024/02/Tu-Thu-cua-mot-Tin-Do-Shopping-Sophie-Kinsella.jpg,3.4K,2.6K
Tín Đồ Shopping Lấy Chồng,Hài hước,https://ebookvie.com/ebook/tin-do-shopping-lay-chong-sophie-kinsella/,https://ebookvie.com/wp-content/uploads/2024/02/Tin-Do-Shopping-Lay-Chong-Sophie-Kinsella.jpg,5K,3.9K
Tín Đồ Shopping Lấy Chồng,Hài hước,https://ebookvie.com/ebook/tin-do-shopping-lay-chong-sophie-kinsella/,https://ebookvie.com/wp-content/uploads/2024/02/Tin-Do-Shopping-Lay-Chong-Sophie-Kinsella.jpg,5K,3.9K
Lam Ngọc – Kerstin Gier,Hài hước,https://ebookvie.com/ebook/lam-ngoc-kerstin-gier/,https://ebookvie.com/wp-content/uploads/2023/12/lam-ngoc-kerstin-gier-26-do-phuong-thuy-dich.jpg,4K,3.1K
Lam Ngọc – Kerstin Gier,Hài hước,https://ebookvie.com/ebook/lam-ngoc-kerstin-gier/,https://ebookvie.com/wp-content/uploads/2023/12/lam-ngoc-kerstin-gier-26-do-phuong-thuy-dich.jpg,4K,3.1K
Hồng Ngọc – Kerstin Gier,Hài hước,https://ebookvie.com/ebook/hong-ngoc-kerstin-gier/,https://ebookvie.com/wp-content/uploads/2023/12/35029966283_fc362f97bd_o.jpg,5.2K,4.0K
Hồng Ngọc – Kerstin Gier,Hài hước,https://ebookvie.com/ebook/hong-ngoc-kerstin-gier/,https://ebookvie.com/wp-content/uploads/2023/12/35029966283_fc362f97bd_o.jpg,5.2K,4.0K
Bích Ngọc – Kerstin Gier,Hài hước,https://ebookvie.com/ebook/bich-ngoc-kerstin-gier/,https://ebookvie.com/wp-content/uploads/2023/12/bich-ngoc-kerstin-gier-26-ho-kieu-lan-dich.jpg,5.6K,4.3K
Bích Ngọc – Kerstin Gier,Hài hước,https://ebookvie.com/ebook/bich-ngoc-kerstin-gier/,https://ebookvie.com/wp-content/uploads/2023/12/bich-ngoc-kerstin-gier-26-ho-kieu-lan-dich.jpg,5.6K,4.3K
